Stock Name,NSE Code,Market Capitalization
20 Microns Ltd.,20MICRONS,607.17
360 One Wam Ltd.,360ONE,39225.85
3M India Ltd.,3MINDIA,29624.17
5Paisa Capital Ltd.,5PAISA,1091.24
63 Moons Technologies Ltd.,63MOONS,3184.95
ABB India Ltd.,ABB,104585.27
ACC Ltd.,ACC,34150.06
ACME Solar Holdings Ltd.,ACMESOLAR,11684.25
ADF Foods Ltd.,ADFFOODS,2584.54
AGI Greenpac Ltd.,AGI,4114.11
AIA Engineering Ltd.,AIAENG,29314.27
APL Apollo Tubes Ltd.,APLAPOLLO,39934.4
ASK Automotive Ltd.,ASKAUTOLTD,7162.19
AVT Natural Products Ltd.,AVTNPL,851.42
AXISCADES Technologies Ltd.,AXISCADES,3029.72
AYM Syntex Ltd.,AYMSYNTEX,1137.57
Aadhar Housing Finance Ltd.,AADHARHFC,16414.46
Aarti Drugs Ltd.,AARTIDRUGS,3206.77
Aarti Industries Ltd.,AARTIIND,13630.75
Aarti Pharmalabs Ltd.,AARTIPHARM,6644.7
Aavas Financiers Ltd.,AAVAS,13341.11
Abans Holdings Ltd.,AHL,962.47
Abbott India Ltd.,ABBOTINDIA,64588.63
Accelya Solutions India Ltd.,ACCELYA,1918.03
Action Construction Equipment Ltd.,ACE,12507.31
Adani Energy Solutions Ltd.,ADANIENSOL,78191.48
Adani Enterprises Ltd.,ADANIENT,241916.27
Adani Green Energy Ltd.,ADANIGREEN,122667.48
Adani Ports & Special Economic Zone Ltd.,ADANIPORTS,231005.25
Adani Power Ltd.,ADANIPOWER,184728.09
Adani Total Gas Ltd.,ATGL,61275.92
Adani Wilmar Ltd.,AWL,31991.59
Aditya Birla Capital Ltd.,ABCAPITAL,40752.48
Aditya Birla Fashion and Retail Ltd.,ABFRL,29548.35
Aditya Birla Money Ltd.,BIRLAMONEY,818.37
Aditya Birla Real Estate Ltd.,ABREL,20810.03
Aditya Birla Sun Life AMC Ltd.,ABSLAMC,17756.2
Ador Welding Ltd.,ADORWELD,1496.9
Advanced Enzyme Technologies Ltd.,ADVENZYMES,2907.22
Advani Hotels & Resorts (India) Ltd.,ADVANIHOTR,523.2
Aegis Logistics Ltd.,AEGISLOG,26683.02
Aeroflex Industries Ltd.,AEROFLEX,2221.08
Aether Industries Ltd.,AETHER,11341.1
Afcons Infrastructure Ltd.,AFCONS,15193.18
Affle (India) Ltd.,AFFLE,19672.99
Agarwal Industrial Corporation Ltd.,AGARIND,1326.68
Agro Tech Foods Ltd.,ATFL,1960.51
Ahluwalia Contracts (India) Ltd.,AHLUCONT,4328.4
Aimtron Electronics Ltd.,AIMTRON,893.72
Ajanta Pharma Ltd.,AJANTPHARM,31052.52
Ajax Engineering Ltd.,AJAXENGG,6807.78
Ajmera Realty & Infra India Ltd.,AJMERA,2881.48
Akums Drugs & Pharmaceuticals Ltd.,AKUMS,7169.3
Akzo Nobel India Ltd.,AKZOINDIA,14164.17
Alembic Ltd.,ALEMBICLTD,2338.77
Alembic Pharmaceuticals Ltd.,APLLTD,14617.41
Alicon Castalloy Ltd.,ALICON,1228.01
Alivus Life Sciences Ltd.,ALIVUS,10842.56
Alkem Laboratories Ltd.,ALKEM,55552.29
Alkyl Amines Chemicals Ltd.,ALKYLAMINE,8134.97
All e Technologies Ltd.,ALLETEC,741.23
Allcargo Gati Ltd.,ACLGATI,938.64
Allcargo Logistics Ltd.,ALLCARGO,3054.49
Alldigi Tech Ltd.,ALLDIGI,1357.88
Allied Blenders & Distillers Ltd.,ABDL,8719.97
Allied Digital Services Ltd.,ADSL,1124.84
Alok Industries Ltd.,ALOKINDS,7626.61
Alpex Solar Ltd.,ALPEXSOLAR,1438.55
Amara Raja Energy & Mobility Ltd.,ARE&M,17920.93
Amber Enterprises India Ltd.,AMBER,19038.06
Ambika Cotton Mills Ltd.,AMBIKCO,757.68
Ambuja Cements Ltd.,AMBUJACEM,114522.93
Ami Organics Ltd.,AMIORG,8877.26
Amrutanjan Health Care Ltd.,AMRUTANJAN,1670.31
Anand Rathi Wealth Ltd.,ANANDRATHI,16608.48
Anant Raj Ltd.,ANANTRAJ,15838.09
Andhra Cements Ltd.,ACL,547.13
Andhra Paper Ltd.,ANDHRAPAP,1505.69
Andhra Sugars Ltd.,ANDHRSUGAR,965.42
Angel One Ltd.,ANGELONE,19582.8
Annapurna Swadisht Ltd.,ANNAPURNA,636.93
Antony Waste Handling Cell Ltd.,AWHCL,1503.68
Anupam Rasayan India Ltd.,ANURAS,6952.06
Apar Industries Ltd.,APARINDS,23287.17
Apcotex Industries Ltd.,APCOTEXIND,1704.15
Apeejay Surrendra Park Hotels Ltd.,PARKHOTELS,3112.7
Apex Frozen Foods Ltd.,APEX,614.84
Apollo Hospitals Enterprise Ltd.,APOLLOHOSP,87027.13
Apollo Micro Systems Ltd.,APOLLO,3453.52
Apollo Pipes Ltd.,APOLLOPIPE,1495.66
Apollo Tyres Ltd.,APOLLOTYRE,23771.83
Aptech Ltd.,APTECHT,646.23
Aptus Value Housing Finance India Ltd.,APTUS,15371.78
Archean Chemical Industries Ltd.,ACI,6211.5
Arihant Capital Markets Ltd.,ARIHANTCAP,670.69
Arihant Superstructures Ltd.,ARIHANTSUP,1623.56
Arkade Developers Ltd.,ARKADE,2576.45
Arman Financial Services Ltd.,ARMANFIN,1341.26
Arrow Greentech Ltd.,ARROWGREEN,798.3
Artemis Medicare Services Ltd.,ARTEMISMED,3187.55
Arvind Fashions Ltd.,ARVINDFASN,5075.12
Arvind Ltd.,ARVIND,8879.56
Arvind SmartSpaces Ltd.,ARVSMART,3085.86
Asahi India Glass Ltd.,ASAHIINDIA,14967.05
Ashapura Minechem Ltd.,ASHAPURMIN,3282.75
Ashiana Housing Ltd.,ASHIANA,3019.27
Ashok Leyland Ltd.,ASHOKLEY,62530.41
Ashoka Buildcon Ltd.,ASHOKA,4832.65
Asian Energy Services Ltd.,ASIANENE,1118.02
Asian Granito India Ltd.,ASIANTILES,648.47
Asian Hotels (North) Ltd.,ASIANHOTNR,713.54
Asian Paints Ltd.,ASIANPAINT,209081.14
Associated Alcohols & Breweries Ltd.,ASALCBR,1962.23
Astec Lifesciences Ltd.,ASTEC,1424.77
Aster DM Healthcare Ltd.,ASTERDM,20127.88
Astra Microwave Products Ltd.,ASTRAMICRO,5764.11
AstraZeneca Pharma India Ltd.,ASTRAZEN,16746.62
Astral Ltd.,ASTRAL,35923.18
Atmastco Ltd.,ATMASTCO,540.21
Atul Auto Ltd.,ATULAUTO,1222.58
Atul Ltd.,ATUL,15631.68
Au Small Finance Bank Ltd.,AUBANK,42112.01
Aurionpro Solutions Ltd.,AURIONPRO,7518.7
Aurobindo Pharma Ltd.,AUROPHARMA,61466.23
Aurum Proptech Ltd.,AURUM,680.04
Australian Premium Solar (India) Ltd.,APS,831.35
Automotive Axles Ltd.,AUTOAXLES,2476.4
Automotive Stampings and Assemblies Ltd.,ASAL,748.96
Avadh Sugar & Energy Ltd.,AVADHSUGAR,748.19
Avalon Technologies Ltd.,AVALON,4395.48
Avanti Feeds Ltd.,AVANTIFEED,9437.05
Avenue Supermarts Ltd.,DMART,221506.29
Awfis Space Solutions Ltd,AWFIS,4635.3
Axis Bank Ltd.,AXISBANK,314454.27
Azad Engineering Ltd.,AZAD,7529.52
B L Kashyap & Sons Ltd.,BLKASHYAP,1117.96
BASF India Ltd.,BASF,18553.72
BCL Industries Ltd.,BCLIND,1069.08
BEML Land Assets Ltd.,BLAL,782.71
BEML Ltd.,BEML,10222.06
BF Investment Ltd.,BFINVEST,1597.11
BF Utilities Ltd.,BFUTILITIE,2305.07
BGR Energy Systems Ltd.,BGRENERGY,564.16
BLS E-Services Ltd.,BLSE,1393.19
BLS International Services Ltd.,BLS,13960.08
BSE Ltd.,BSE,62729.36
Baazar Style Retail Ltd.,STYLEBAAZA,1566.22
Bajaj Auto Ltd.,BAJAJ-AUTO,220694.49
Bajaj Consumer Care Ltd.,BAJAJCON,2131.72
Bajaj Electricals Ltd.,BAJAJELEC,6959.18
Bajaj Finance Ltd.,BAJFINANCE,528022.41
Bajaj Finserv Ltd.,BAJAJFINSV,298943.04
Bajaj Healthcare Ltd.,BAJAJHCARE,1906.05
Bajaj Hindusthan Sugar Ltd.,BAJAJHIND,2378.44
Bajaj Holdings & Investment Ltd.,BAJAJHLDNG,128814.99
Bajaj Housing Finance Ltd.,BAJAJHFL,90551.94
Bajel Projects Ltd.,BAJEL,1885.6
Balaji Amines Ltd.,BALAMINES,4190.58
Balaji Telefilms Ltd.,BALAJITELE,638.72
Balkrishna Industries Ltd.,BALKRISIND,50565.01
Balmer Lawrie & Company Ltd.,BALMLAWRIE,2549.5
Balrampur Chini Mills Ltd.,BALRAMCHIN,8969.51
Banco Products (India) Ltd.,BANCOINDIA,4521.41
Bandhan Bank Ltd.,BANDHANBNK,22745.31
Bank of Baroda,BANKBARODA,101912.03
Bank of India,BANKINDIA,43323.19
Bank of Maharashtra,MAHABANK,35696.51
Bannari Amman Sugars Ltd.,BANARISUG,4078.29
Bansal Wire Industries Ltd.,BANSALWIRE,5285.33
Barbeque-Nation Hospitality Ltd.,BARBEQUE,1086.16
Basilic Fly Studio Ltd.,BASILIC,680.93
Bata India Ltd.,BATAINDIA,15694.49
Bayer Cropscience Ltd.,BAYERCROP,21253.57
Berger Paints (India) Ltd.,BERGEPAINT,56950.62
Beta Drugs Ltd.,BETA,1585.72
Bhageria Industries Ltd.,BHAGERIA,680.41
Bhagiradha Chemicals & Industries Ltd.,BHAGCHEM,3751.98
Bhansali Engineering Polymers Ltd.,BEPL,2493.31
Bharat Bijlee Ltd.,BBL,2819.9
Bharat Dynamics Ltd.,BDL,35754.51
Bharat Electronics Ltd.,BEL,180003.3
Bharat Forge Ltd.,BHARATFORG,48597.71
Bharat Heavy Electricals Ltd.,BHEL,62388.13
Bharat Highways InvIT,INDUSINVIT,5071.2
Bharat Petroleum Corporation Ltd.,BPCL,102952.74
Bharat Rasayan Ltd.,BHARATRAS,4061.08
Bharat Wire Ropes Ltd.,BHARATWIRE,976.08
Bharti Airtel Ltd.,BHARTIARTL,910743.82
Bharti Hexacom Ltd.,BHARTIHEXA,65220
Bhartiya International Ltd.,BIL,602.84
Bigbloc Construction Ltd.,BIGBLOC,912.17
Bikaji Foods International Ltd.,BIKAJI,15891.34
Biocon Ltd.,BIOCON,36312.15
Birla Corporation Ltd.,BIRLACORPN,7489.54
Birlasoft Ltd.,BSOFT,11765.58
Black Box Ltd.,BBOX,6313.25
Bliss GVS Pharma Ltd.,BLISSGVS,1311.65
Blue Dart Express Ltd.,BLUEDART,14230.45
Blue Jet Healthcare Ltd,BLUEJET,13079.29
Blue Star Ltd.,BLUESTARCO,39429.72
Bodal Chemicals Ltd.,BODALCHEM,673.93
Bombay Burmah Trading Corporation Ltd.,BBTC,11569.23
Bombay Dyeing & Manufacturing Company Ltd.,BOMDYEING,2620.93
Bombay Super Hybrid Seeds Ltd.,BSHSL,1405.43
Borosil Ltd.,BOROLTD,3689.34
Borosil Renewables Ltd.,BORORENEW,6656.45
Borosil Scientific Ltd.,BOROSCI,1114.93
Bosch Ltd.,BOSCHLTD,78287.81
Brainbees Solutions Ltd.,FIRSTCRY,19549.88
Brigade Enterprises Ltd.,BRIGADE,23143.5
Britannia Industries Ltd.,BRITANNIA,110689.82
Brookfield India Real Estate Trust,BIRET,18182.13
Butterfly Gandhimathi Appliances Ltd.,BUTTERFLY,1042.74
C.E. Info Systems Ltd.,MAPMYINDIA,9059.86
C2C Advanced Systems Ltd.,C2C,627.29
CARE Ratings Ltd.,CARERATING,3356.29
CCL Products India Ltd.,CCL,7747.29
CESC Ltd.,CESC,17337.14
CG Power and Industrial Solutions Ltd.,CGPOWER,87543.06
CIE Automotive India Ltd.,CIEINDIA,14265.92
CMS Info Systems Ltd.,CMSINFO,7525.45
CSB Bank Ltd.,CSBBANK,4905.31
CSL Finance Ltd.,CSLFINANCE,579.25
Camlin Fine Sciences Ltd.,CAMLINFINE,2683.71
Campus Activewear Ltd.,CAMPUS,7960.21
Can Fin Homes Ltd.,CANFINHOME,7691.65
Canara Bank,CANBK,73381.57
Cantabil Retail India Ltd.,CANTABIL,2026.97
Capacit'e Infraprojects Ltd.,CAPACITE,2553.35
Capital Infra Trust,CAPINVIT,2808.25
Capital Small Finance Bank Ltd.,CAPITALSFB,1211.03
Caplin Point Laboratories Ltd.,CAPLIPOINT,13853.13
Capri Global Capital Ltd.,CGCL,13175.94
CarTrade Tech Ltd.,CARTRADE,7250.85
Carborundum Universal Ltd.,CARBORUNIV,15836.1
Career Point Ltd.,CAREERP,572.17
Carraro India Ltd.,CARRARO,1831.19
Carysil Ltd.,CARYSIL,1463.97
Castrol India Ltd.,CASTROLIND,21031.71
Ceat Ltd.,CEATLTD,10243.99
Ceigall India Ltd.,CEIGALL,4491
Cellecor Gadgets Ltd.,CELLECOR,1146.94
Cello World Ltd.,CELLO,12234.82
Central Bank of India,CENTRALBK,38178.77
Central Depository Services (India) Ltd.,CDSL,23155.11
Centrum Capital Ltd.,CENTRUM,1098.33
Centum Electronics Ltd.,CENTUM,1552.26
Century Enka Ltd.,CENTENKA,1121.7
Century Plyboards (India) Ltd.,CENTURYPLY,16028.67
Cera Sanitaryware Ltd.,CERA,6824.39
Chalet Hotels Ltd.,CHALET,16101.26
Chaman Lal Setia Exports Ltd.,CLSEL,1347.56
Chambal Fertilisers & Chemicals Ltd.,CHAMBLFERT,21382.81
Chembond Chemicals Ltd.,CHEMBOND,722.51
Chemcon Speciality Chemicals Ltd.,CHEMCON,699.5
Chemfab Alkalis Ltd.,CHEMFAB,1128.41
Chemplast Sanmar Ltd.,CHEMPLASTS,6397.11
Chennai Petroleum Corporation Ltd.,CHENNPETRO,6724.84
Cheviot Company Ltd.,CHEVIOT,607.15
Choice International Ltd.,CHOICEIN,9296.96
Cholamandalam Financial Holdings Ltd.,CHOLAHLDNG,30831.19
Cholamandalam Investment & Finance Company Ltd.,CHOLAFIN,117786.94
Cigniti Technologies Ltd.,CIGNITITEC,3616.33
Cipla Ltd.,CIPLA,113671.8
City Union Bank Ltd.,CUB,10951.77
Clean Science & Technology Ltd.,CLEAN,12680.23
Coal India Ltd.,COALINDIA,227620.37
Cochin Shipyard Ltd.,COCHINSHIP,33373.11
Coforge Ltd.,COFORGE,49232.98
Colgate-Palmolive (India) Ltd.,COLPAL,67033.57
Computer Age Management Services Ltd.,CAMS,15536.28
Concord Biotech Ltd.,CONCORDBIO,15651.63
Concord Enviro Systems Ltd.,CEWATER,912.5
Confidence Petroleum India Ltd.,CONFIPET,1751.57
Consolidated Construction Consortium Ltd.,CCCL,603.45
Consolidated Finvest & Holdings Ltd.,CONSOFINVT,534.06
Container Corporation of India Ltd.,CONCOR,38001.69
Control Print Ltd.,CONTROLPR,942.78
Cool Caps Industries Ltd.,COOLCAPS,980.35
Coromandel International Ltd.,COROMANDEL,49112.01
Cosmo First Ltd.,COSMOFIRST,1572.09
Craftsman Automation Ltd.,CRAFTSMAN,10739.43
Creative Newtech Ltd.,CREATIVE,1075.95
CreditAccess Grameen Ltd.,CREDITACC,14665.77
Credo Brands Marketing Ltd.,MUFTI,795.65
Crest Ventures Ltd.,CREST,976.68
Crisil Ltd.,CRISIL,32092.37
Crompton Greaves Consumer Electricals Ltd.,CROMPTON,20674.63
Cummins India Ltd.,CUMMINSIND,75341.57
Cupid Ltd.,CUPID,1826.38
Cyient DLM Ltd.,CYIENTDLM,3194.85
Cyient Ltd.,CYIENT,14056.17
D P Abhushan Ltd.,DPABHUSHAN,3171.63
D-Link (India) Ltd.,DLINKINDIA,1300.9
DAM Capital Advisors Ltd.,DAMCAPITAL,1528.23
DB Corp Ltd.,DBCORP,3614.34
DCB Bank Ltd.,DCBBANK,3274.87
DCM Shriram Industries Ltd.,DCMSRIND,1346.03
DCM Shriram Ltd.,DCMSHRIRAM,14939.27
DCW Ltd.,DCW,2142.53
DCX Systems Ltd.,DCXINDIA,2586.39
DIC India Ltd.,DICIND,589.89
DLF Ltd.,DLF,157318.44
DMCC Speciality Chemicals Ltd.,DMCC,733.48
DOMS Industries Ltd.,DOMS,14604.68
Dabur India Ltd.,DABUR,87428.46
Dalmia Bharat Ltd.,DALBHARAT,31688.98
Dalmia Bharat Sugar and Industries Ltd.,DALMIASUG,2490.1
Danish Power Ltd.,DANISH,1414.94
Data Patterns (India) Ltd.,DATAPATTNS,8049.1
Datamatics Global Services Ltd.,DATAMATICS,3382.66
De Neers Tools Ltd.,DENEERS,861.34
Deccan Cements Ltd.,DECCANCE,1093.01
Deep Industries Ltd.,DEEPINDS,2775.68
Deepak Builders & Engineers India Ltd.,DBEIL,671
Deepak Fertilisers & Petrochemicals Corporation Ltd.,DEEPAKFERT,12032.36
Deepak Nitrite Ltd.,DEEPAKNTR,25250.44
Delhivery Ltd.,DELHIVERY,18598.88
Delta Corp Ltd.,DELTACORP,2476.61
Den Networks Ltd.,DEN,1507.55
Denta Water and Infra Solutions Ltd.,DENTA,789.12
Devyani International Ltd.,DEVYANI,19905.81
Dhampur Sugar Mills Ltd.,DHAMPURSUG,783.28
Dhani Services Ltd.,DHANI,3541.89
Dhanlaxmi Bank Ltd.,DHANBANK,925.17
Dhanuka Agritech Ltd.,DHANUKA,5731.48
Dharmaj Crop Guard Ltd.,DHARMAJ,610.01
Dhunseri Investments Ltd.,DHUNINV,945.74
Dhunseri Ventures Ltd.,DVL,1077.19
Diffusion Engineers Ltd.,DIFFNKG,901.79
Dilip Buildcon Ltd.,DBL,6040.87
Dish TV India Ltd.,DISHTV,1180.25
Dishman Carbogen Amcis Ltd.,DCAL,3123.12
Divgi Torqtransfer Systems Ltd.,DIVGIITTS,1506.21
Divi's Laboratories Ltd.,DIVISLAB,145483.43
Dixon Technologies (India) Ltd.,DIXON,83725.47
Dodla Dairy Ltd.,DODLA,6244.23
Dolat Algotech Ltd.,DOLATALGO,1322.46
Dollar Industries Ltd.,DOLLAR,2231.21
Dolphin Offshore Enterprises (India) Ltd.,DOLPHIN,913.91
Donear Industries Ltd.,DONEAR,534.46
Dr. Agarwals Health Care Ltd.,AGARWALEYE,15387.26
Dr. Lal Pathlabs Ltd.,LALPATHLAB,19313.44
Dr. Reddy's Laboratories Ltd.,DRREDDY,93165.68
Dreamfolks Services Ltd.,DREAMFOLKS,1418.58
Dredging Corporation Of India Ltd.,DREDGECORP,1441.3
Dwarikesh Sugar Industries Ltd.,DWARKESH,709.15
Dynacons Systems & Solutions Ltd.,DSSL,1337.62
Dynamatic Technologies Ltd.,DYNAMATECH,4601.82
Dynamic Cables Ltd.,DYCL,1377.31
E2E Networks Ltd.,E2E,3613.22
EID Parry (India) Ltd.,EIDPARRY,11806.26
EIH Associated Hotels Ltd.,EIHAHOTELS,1933.51
EIH Ltd.,EIHOTEL,19964.75
EMS Ltd.,EMSLIMITED,3390.71
EPACK Durables Ltd.,EPACK,3546.49
EPL Ltd.,EPL,6252.26
ESAF Small Finance Bank Ltd.,ESAFSFB,1498.72
Easy Trip Planners Ltd.,EASEMYTRIP,4153.66
Ecos (India) Mobility & Hospitality Ltd.,ECOSMOBLTY,1073.7
Edelweiss Financial Services Ltd.,EDELWEISS,8468.02
Eicher Motors Ltd.,EICHERMOT,130866.1
Eimco Elecon (India) Ltd.,EIMCOELECO,835.87
Eldeco Housing & Industries Ltd.,ELDEHSG,713.38
Elecon Engineering Company Ltd.,ELECON,9294.64
Electronics Mart India Ltd.,EMIL,4848.99
Electrosteel Castings Ltd.,ELECTCAST,5734.28
Electrotherm (India) Ltd.,ELECTHERM,983.68
Elgi Equipments Ltd.,ELGIEQUIP,13566.87
Elin Electronics Ltd.,ELIN,546.1
Emami Ltd.,EMAMILTD,23132.32
Emami Paper Mills Ltd.,EMAMIPAP,538.68
Embassy Office Parks REIT,EMBASSY,34526.08
Emcure Pharmaceuticals Ltd.,EMCURE,18596.52
Endurance Technologies Ltd.,ENDURANCE,24837.53
Engineers India Ltd.,ENGINERSIN,8440.75
Entero Healthcare Solutions Ltd.,ENTERO,5501.31
Entertainment Network (India) Ltd.,ENIL,675.73
Enviro Infra Engineers Ltd.,EIEL,3630.84
Epigral Ltd.,EPIGRAL,6960.2
Equinox India Developments Ltd.,EMBDL,13585.53
Equitas Small Finance Bank Ltd.,EQUITASBNK,6481.7
Eris Lifesciences Ltd.,ERIS,16101.37
Esab India Ltd.,ESABINDIA,6964.33
Escorts Kubota Ltd.,ESCORTS,32097.18
Essen Speciality Films Ltd.,ESFL,1181.72
Ester Industries Ltd.,ESTER,1224.71
Ethos Ltd.,ETHOSLTD,6166
Eveready Industries India Ltd.,EVEREADY,2194.43
Everest Industries Ltd.,EVERESTIND,847.47
Everest Kanto Cylinder Ltd.,EKC,1333.48
Excel Industries Ltd.,EXCELINDUS,1092.14
Exicom Tele-Systems Ltd.,EXICOM,1853.81
Exide Industries Ltd.,EXIDEIND,29563
Expleo Solutions Ltd.,EXPLEOSOL,1392.12
FDC Ltd.,FDC,6217.72
FIEM Industries Ltd.,FIEMIND,3613.56
FSN E-Commerce Ventures Ltd.,NYKAA,45403.32
Fairchem Organics Ltd.,FAIRCHEMOR,1103.85
Fedbank Financial Services Ltd.,FEDFINA,3486.57
Federal Bank Ltd.,FEDERALBNK,43614.83
Federal-Mogul Goetze (India) Ltd.,FMGOETZE,1838.36
Filatex India Ltd.,FILATEX,1772.76
Fine Organic Industries Ltd.,FINEORG,10740.66
Fineotex Chemical Ltd.,FCL,2617.47
Fino Payments Bank Ltd.,FINOPB,1846.11
Finolex Cables Ltd.,FINCABLES,12492.85
Finolex Industries Ltd.,FINPIPE,10597.12
Firstsource Solutions Ltd.,FSL,24115.88
Five-Star Business Finance Ltd.,FIVESTAR,22419.22
Flair Writing Industries Ltd,FLAIR,2256.52
Foce India Ltd.,FOCE,766.96
Focus Lighting and Fixtures Ltd.,FOCUS,514.69
Foods & Inns Ltd.,FOODSIN,637.97
Fortis Healthcare Ltd.,FORTIS,46256.28
Foseco India Ltd.,FOSECOIND,2243.67
Fusion Finance Ltd.,FUSION,1581.83
G M Breweries Ltd.,GMBREW,1376.3
G R Infraprojects Ltd.,GRINFRA,9725.79
GAIL (India) Ltd.,GAIL,102597.85
GE Power India Ltd.,GEPIL,1578.17
GE Vernova T&D India Ltd.,GVT&D,34266.7
GFL Ltd.,GFLLIMITED,651.41
GHCL Ltd.,GHCL,5534.63
GHCL Textiles Ltd.,GHCLTEXTIL,712.97
GIC Housing Finance Ltd.,GICHSGFIN,892.26
GKW Ltd.,GKWLIMITED,942.05
GMM Pfaudler Ltd.,GMMPFAUDLR,4977.21
GMR Airports Ltd.,GMRAIRPORT,73353.21
GMR Power and Urban Infra Ltd.,GMRP&UI,7056.15
GNA Axles Ltd.,GNA,1287.07
GOCL Corporation Ltd.,GOCLCORP,1427.94
GPT Healthcare Ltd.,GPTHEALTH,1074.43
GPT Infraprojects Ltd.,GPTINFRA,1173.17
GRM Overseas Ltd.,GRMOVER,1317.96
GRP Ltd.,GRPLTD,1345.3
GTL Infrastructure Ltd.,GTLINFRA,1895.75
GTPL Hathway Ltd.,GTPL,1193.01
GVK Power & Infrastructure Ltd.,GVKPIL,612.73
Gabriel India Ltd.,GABRIEL,6663.64
Gala Precision Engineering Ltd.,GALAPREC,1258.95
Galaxy Surfactants Ltd.,GALAXYSURF,7772.4
Gallantt Ispat Ltd.,GALLANTT,7397.67
Gandhar Oil Refinery (India) Ltd.,GANDHAR,1348.98
Gandhi Special Tubes Ltd.,GANDHITUBE,720.31
Ganesh Benzoplast Ltd.,GANESHBE,770
Ganesh Green Bharat Ltd.,GGBL,889.12
Ganesh Housing Corporation Ltd.,GANESHHOUC,9027.9
Ganesh Infraworld Ltd.,GANESHIN,541.28
Ganesha Ecosphere Ltd.,GANECOS,3326.54
Garden Reach Shipbuilders & Engineers Ltd.,GRSE,14387.73
Garuda Construction and Engineering Ltd.,GARUDA,980.19
Garware Hi-Tech Films Ltd.,GRWRHITECH,8760.47
Garware Technical Fibres Ltd.,GARFIBRES,7473.72
Gateway Distriparks Ltd.,GATEWAY,2991.87
GeeCee Ventures Ltd.,GEECEE,756.27
General Insurance Corporation of India,GICRE,64719.82
Genesys International Corporation Ltd.,GENESYS,2640.28
Genus Power Infrastructures Ltd.,GENUSPOWER,7765.36
Geojit Financial Services Ltd.,GEOJITFSL,1990.57
Gillette India Ltd.,GILLETTE,25694.41
Giriraj Civil Developers Ltd.,GIRIRAJ,636.29
Gland Pharma Ltd.,GLAND,25583.37
GlaxoSmithKline Pharmaceuticals Ltd.,GLAXO,41933.91
Glenmark Pharmaceuticals Ltd.,GLENMARK,36090.46
Global Health Ltd.,MEDANTA,30878.15
Globus Spirits Ltd.,GLOBUSSPR,2498.79
Go Digit General Insurance Ltd.,GODIGIT,28076.12
Go Fashion (India) Ltd.,GOCOLORS,3831.94
Godavari Biorefineries Ltd.,GODAVARIB,821.37
Godawari Power & Ispat Ltd.,GPIL,10586.72
Godfrey Phillips India Ltd.,GODFRYPHLP,26981.71
Godrej Agrovet Ltd.,GODREJAGRO,13749.57
Godrej Consumer Products Ltd.,GODREJCP,102827.65
Godrej Industries Ltd.,GODREJIND,36961.91
Godrej Properties Ltd.,GODREJPROP,58318.16
Gokaldas Exports Ltd.,GOKEX,5814.16
Gokul Agro Resources Ltd.,GOKULAGRO,3863.42
Goldiam International Ltd.,GOLDIAM,3914.04
Goodluck India Ltd.,GOODLUCK,2074.31
Gopal Snacks Ltd.,GOPAL,3467.12
Granules India Ltd.,GRANULES,11198.36
Graphite India Ltd.,GRAPHITE,7647.98
Grasim Industries Ltd.,GRASIM,154429.62
Gravita India Ltd.,GRAVITA,11770.24
Great Eastern Shipping Company Ltd.,GESHIP,11574.14
Greaves Cotton Ltd.,GREAVESCOT,5315.69
Greenlam Industries Ltd.,GREENLAM,5746.57
Greenpanel Industries Ltd.,GREENPANEL,3298.06
Greenply Industries Ltd.,GREENPLY,3404.05
Grindwell Norton Ltd.,GRINDWELL,15919.88
Gufic BioSciences Ltd.,GUFICBIO,3314.67
Gujarat Alkalies & Chemicals Ltd.,GUJALKALI,3849.2
Gujarat Ambuja Exports Ltd.,GAEL,4760.54
Gujarat Fluorochemicals Ltd.,FLUOROCHEM,39379.58
Gujarat Gas Ltd.,GUJGASLTD,25494.53
Gujarat Industries Power Company Ltd.,GIPCL,2386.74
Gujarat Mineral Development Corporation Ltd.,GMDCLTD,7676.52
Gujarat Narmada Valley Fertilizers & Chemicals Ltd.,GNFC,6889.31
Gujarat Pipavav Port Ltd.,GPPL,6040.58
Gujarat State Fertilizer & Chemicals Ltd.,GSFC,6675.69
Gujarat State Petronet Ltd.,GSPL,15360.66
Gulf Oil Lubricants India Ltd.,GULFOILLUB,5415.84
Gulshan Polyols Ltd.,GULPOLY,977.28
HBL Engineering Ltd.,HBLENGINE,12005.31
HCL Technologies Ltd.,HCLTECH,427415.82
HDFC Asset Management Company Ltd.,HDFCAMC,77560.72
HDFC Bank Ltd.,HDFCBANK,1325405.9
HDFC Life Insurance Company Ltd.,HDFCLIFE,131003.56
HEG Ltd.,HEG,6916.31
HFCL Ltd.,HFCL,11424.53
HG Infra Engineering Ltd.,HGINFRA,6285.1
HIL Ltd.,HIL,1323.24
HLE Glascoat Ltd.,HLEGLAS,1659.19
HLV Ltd.,HLVLTD,873.52
HMA Agro Industries Ltd.,HMAAGRO,1606.97
HMT Ltd.,HMT,5898.84
HPL Electric & Power Ltd.,HPL,2303.89
Happiest Minds Technologies Ltd.,HAPPSTMNDS,10450.62
Happy Forgings Ltd.,HAPPYFORGE,7946.97
Hardwyn India Ltd.,HARDWYN,635.94
Hariom Pipe Industries Ltd.,HARIOMPIPE,1072.4
Harsha Engineers International Ltd.,HARSHA,3598.52
Hathway Cable & Datacom Ltd.,HATHWAY,2340.08
Hatsun Agro Products Ltd.,HATSUN,21661.21
Havells India Ltd.,HAVELLS,89138.57
Healthcare Global Enterprises Ltd.,HCG,6992.33
Heidelberg Cement India Ltd.,HEIDELBERG,4360.49
Hemisphere Properties India Ltd.,HEMIPROP,3532.29
Heranba Industries Ltd.,HERANBA,950.32
Hercules Hoists Ltd.,HERCULES,511.71
Heritage Foods Ltd.,HERITGFOOD,3354.58
Hero MotoCorp Ltd.,HEROMOTOCO,73625.98
Hester Biosciences Ltd.,HESTERBIO,1273.87
Heubach Colorants India Ltd.,HEUBACHIND,1293.73
Hexa Tradex Ltd.,HEXATRADEX,1210.91
Hexaware Technologies Ltd.,HEXT,49129.08
Hi-Green Carbon Ltd.,HIGREEN,544.41
Hi-Tech Pipes Ltd.,HITECH,2105.01
Hikal Ltd.,HIKAL,4324.16
Himadri Speciality Chemical Ltd.,HSCL,20154.53
Himatsingka Seide Ltd.,HIMATSEIDE,1418
Hind Rectifiers Ltd.,HIRECT,1448.7
Hindalco Industries Ltd.,HINDALCO,142552.81
Hinduja Global Solutions Ltd.,HGS,2450.46
Hindustan Aeronautics Ltd.,HAL,206531.1
Hindustan Composites Ltd.,HINDCOMPOS,647.92
Hindustan Construction Company Ltd.,HCC,3966.2
Hindustan Copper Ltd.,HINDCOPPER,19564.83
Hindustan Foods Ltd.,HNDFDS,5997.32
Hindustan Media Ventures Ltd.,HMVL,606.61
Hindustan Oil Exploration Company Ltd.,HINDOILEXP,2384.48
Hindustan Petroleum Corporation Ltd.,HINDPETRO,62504.79
Hindustan Unilever Ltd.,HINDUNILVR,514619.23
Hindustan Zinc Ltd.,HINDZINC,165125.47
Hindware Home Innovation Ltd.,HINDWAREAP,1673.85
Hitachi Energy India Ltd.,POWERINDIA,47824.99
Home First Finance Company India Ltd.,HOMEFIRST,9150.16
Honasa Consumer Ltd.,HONASA,6997.68
Honda India Power Products Ltd.,HONDAPOWER,1972.58
Honeywell Automation India Ltd.,HONAUT,29797.31
Housing and Urban Development Corporation Ltd.,HUDCO,33059.38
Hubtown Ltd.,HUBTOWN,2701.05
Huhtamaki India Ltd.,HUHTAMAKI,1329.64
Hyundai Motor India Ltd.,HYUNDAI,140561.48
I G Petrochemicals Ltd.,IGPL,1329.57
ICE Make Refrigeration Ltd.,ICEMAKE,1012.9
ICICI Bank Ltd.,ICICIBANK,850510.26
ICICI Lombard General Insurance Company Ltd.,ICICIGI,83780.96
ICICI Prudential Life Insurance Company Ltd.,ICICIPRULI,79719.62
ICICI Securities Ltd.,ISEC,26072.99
ICRA Ltd.,ICRA,5129.18
IDBI Bank Ltd.,IDBI,74449.63
IDFC First Bank Ltd.,IDFCFIRSTB,42748.58
IFB Industries Ltd.,IFBIND,4337.74
IFCI Ltd.,IFCI,10739.25
IFGL Refractories Ltd.,IFGLEXPOR,1237.59
IIFL Capital Services Ltd.,IIFLCAPS,6731.11
IIFL Finance Ltd.,IIFL,12816.16
IKIO Lighting Ltd.,IKIO,1714.7
IOL Chemicals and Pharmaceuticals Ltd.,IOLCP,1790.22
IRB Infrastructure Developers Ltd.,IRB,26124.71
IRB InvIT Fund,IRBINVIT,3162.56
IRIS Business Services Ltd.,IRIS,746.7
IRM Energy Ltd.,IRMENERGY,1075.35
ISGEC Heavy Engineering Ltd.,ISGEC,6838.61
ITC Hotels Ltd.,ITCHOTELS,34091.66
ITC Ltd.,ITC,494281.5
ITD Cementation India Ltd.,ITDCEM,9216.4
ITI Ltd.,ITI,23642.62
Igarashi Motors India Ltd.,IGARASHI,1650.55
Imagicaaworld Entertainment Ltd.,IMAGICAA,3353.22
Ind-Swift Laboratories Ltd.,INDSWFTLAB,506.32
Indef Manufacturing Ltd.,BAJAJINDEF,695.84
Indegene Ltd.,INDGN,12299.62
IndiGrid Infrastructure Trust,INDIGRID,11710.52
India Cements Ltd.,INDIACEM,7852.8
India Glycols Ltd.,INDIAGLYCO,3253.12
India Motor Parts & Accessories Ltd.,IMPAL,1120.14
India Nippon Electricals Ltd.,INDNIPPON,1268.04
India Pesticides Ltd.,IPL,1462.12
India Power Corporation Ltd.,DPSCLTD,1161.73
India Shelter Finance Corporation Ltd.,INDIASHLTR,7842.55
India Tourism Development Corporation Ltd.,ITDC,4223.29
IndiaMART InterMESH Ltd.,INDIAMART,11796.01
Indian Bank,INDIANB,68802.92
Indian Energy Exchange Ltd.,IEX,13904.16
Indian Hotels Company Ltd.,INDHOTEL,101931.98
Indian Hume Pipe Company Ltd.,INDIANHUME,1697.93
Indian Metals & Ferro Alloys Ltd.,IMFA,3352.17
Indian Oil Corporation Ltd.,IOC,160261.93
Indian Overseas Bank,IOB,82282.2
Indian Railway Catering & Tourism Corporation Ltd.,IRCTC,53676
Indian Railway Finance Corporation Ltd.,IRFC,146916.14
Indian Renewable Energy Development Agency Ltd.,IREDA,41934.5
Indigo Paints Ltd.,INDIGOPNTS,4858.02
Indo Amines Ltd.,INDOAMIN,831.49
Indo Count Industries Ltd.,ICIL,5235.57
Indo Farm Equipment Ltd.,INDOFARM,924.46
Indo Rama Synthetics (India) Ltd.,INDORAMA,882.56
Indo Tech Transformers Ltd.,INDOTECH,2140.51
Indo Thai Securities Ltd.,INDOTHAI,2269.96
Indoco Remedies Ltd.,INDOCO,1812.39
Indostar Capital Finance Ltd.,INDOSTAR,3204.93
Indraprastha Gas Ltd.,IGL,26527.23
Indraprastha Medical Corporation Ltd.,INDRAMEDCO,3285.1
Indus Towers Ltd.,INDUSTOWER,85304.99
IndusInd Bank Ltd.,INDUSINDBK,77134.09
Industrial Investment Trust Ltd.,IITL,643.62
Infibeam Avenues Ltd.,INFIBEAM,5070.66
Info Edge (India) Ltd.,NAUKRI,90613.63
InfoBeans Technologies Ltd.,INFOBEAN,763.84
Infosys Ltd.,INFY,700856.88
Ingersoll-Rand (India) Ltd.,INGERRAND,10017.79
Innova Captab Ltd.,INNOVACAP,4153.96
Innovana Thinklabs Ltd.,INNOVANA,731.75
Inox Green Energy Services Ltd.,INOXGREEN,4423.65
Inox India Ltd.,INOXINDIA,8704.22
Inox Wind Energy Ltd.,IWEL,9714.46
Inox Wind Ltd.,INOXWIND,19581.68
Insecticides (India) Ltd.,INSECTICID,1704.09
Intellect Design Arena Ltd.,INTELLECT,9238.96
InterGlobe Aviation Ltd.,INDIGO,173013.35
Interarch Building Products Ltd.,INTERARCH,2448.47
International Gemmological Institute (India) Ltd.,IGIL,17586.74
Inventurus Knowledge Solutions Ltd.,IKS,30793.1
Ion Exchange (India) Ltd.,IONEXCHANG,7331.86
Ipca Laboratories Ltd.,IPCALAB,34385.8
Ircon International Ltd.,IRCON,13323.35
J B Chemicals & Pharmaceuticals Ltd.,JBCHEPHARM,25598.5
J G Chemicals Ltd.,JGCHEM,1195.37
J Kumar Infraprojects Ltd.,JKIL,5092.29
JBM Auto Ltd.,JBMA,12214.93
JITF Infralogistics Ltd.,JITFINFRA,976.74
JK Cement Ltd.,JKCEMENT,33915.76
JK Lakshmi Cement Ltd.,JKLAKSHMI,7902.72
JK Paper Ltd.,JKPAPER,4869.47
JK Tyre & Industries Ltd.,JKTYRE,7257.42
JM Financial Ltd.,JMFINANCIL,8821.48
JNK India Ltd.,JNKINDIA,1620.62
JSW Energy Ltd.,JSWENERGY,81113.94
JSW Holdings Ltd.,JSWHL,18162.94
JSW Infrastructure Ltd.,JSWINFRA,53497.54
JSW Steel Ltd.,JSWSTEEL,232489.31
JTEKT India Ltd.,JTEKTINDIA,2915.83
JTL Industries Ltd.,JTLIND,3181.6
Jagran Prakashan Ltd.,JAGRAN,1464.81
Jagsonpal Pharmaceuticals Ltd.,JAGSNPHARM,1369.57
Jai Balaji Industries Ltd.,JAIBALAJI,11953.23
Jai Corp Ltd.,JAICORPLTD,1699.91
Jain Irrigation Systems Ltd.,JISLJALEQS,3710.48
Jaiprakash Associates Ltd.,JPASSOCIAT,964.66
Jaiprakash Power Ventures Ltd.,JPPOWER,9156.22
Jammu & Kashmir Bank Ltd.,J&KBANK,10439.21
Jamna Auto Industries Ltd.,JAMNAAUTO,2840.18
Jana Small Finance Bank Ltd.,JSFB,4286.97
Jash Engineering Ltd.,JASH,3363.68
Jay Bee Laminations Ltd.,JAYBEE,535.98
Jay Bharat Maruti Ltd.,JAYBARMARU,705.03
Jayant Agro Organics Ltd.,JAYAGROGN,738.45
Jayaswal Neco Industries Ltd.,JAYNECOIND,3063.5
Jeena Sikho Lifecare Ltd.,JSLL,3900.3
Jindal Drilling & Industries Ltd.,JINDRILL,2265.74
Jindal Photo Ltd.,JINDALPHOT,572.46
Jindal Poly Films Ltd.,JINDALPOLY,2832.1
Jindal Poly Investment & Finance Company Ltd.,JPOLYINVST,624.2
Jindal Saw Ltd.,JINDALSAW,15760.68
Jindal Stainless Ltd.,JSL,48178.17
Jindal Steel & Power Ltd.,JINDALSTEL,87334.84
Jindal Worldwide Ltd.,JINDWORLD,8291.52
Jio Financial Services Ltd.,JIOFIN,131900.53
Johnson Controls-Hitachi Air Conditioning India Ltd.,JCHAC,4413.22
Jubilant Agri and Consumer Products Ltd.,JUBLCPL,18784.91
Jubilant Foodworks Ltd.,JUBLFOOD,41312.91
Jubilant Ingrevia Ltd.,JUBLINGREA,9814.9
Jubilant Pharmova Ltd.,JUBLPHARMA,14378.3
Juniper Hotels Ltd.,JUNIPER,5602.61
Jupiter Life Line Hospitals Ltd.,JLHL,9413.31
Jupiter Wagons Ltd.,JWL,12316.81
Just Dial Ltd.,JUSTDIAL,7145.51
Jyothy Labs Ltd.,JYOTHYLAB,11839
Jyoti CNC Automation Ltd.,JYOTICNC,18163.15
Jyoti Structures Ltd.,JYOTISTRUC,2054.4
KCP Ltd.,KCP,2214.09
KDDL Ltd.,KDDL,3632.6
KEC International Ltd.,KEC,18273.3
KEI Industries Ltd.,KEI,29336.08
KFIN Technologies Ltd.,KFINTECH,14969.83
KIOCL Ltd.,KIOCL,14090.71
KN Agri Resources Ltd.,KNAGRI,523.35
KNR Constructions Ltd.,KNRCON,6198.41
KPI Green Energy Ltd.,KPIGREEN,7447.39
KPIT Technologies Ltd.,KPITTECH,32825.98
KPR Mill Ltd.,KPRMILL,27399.81
KRBL Ltd.,KRBL,5795.49
KRN Heat Exchanger and Refrigeration Ltd.,KRN,5428.45
KSB Ltd.,KSB,10738.22
Kabra Extrusion Technik Ltd.,KABRAEXTRU,1162.15
Kajaria Ceramics Ltd.,KAJARIACER,13574.78
Kalpataru Projects International Ltd.,KPIL,15013.46
Kalyan Jewellers India Ltd.,KALYANKJIL,47678.1
Kalyani Investment Company Ltd.,KICL,1591.52
Kalyani Steels Ltd.,KSL,3187.11
Kamat Hotels (India) Ltd.,KAMATHOTEL,788.59
Kamdhenu Ltd.,KAMDHENU,827.43
Kansai Nerolac Paints Ltd.,KANSAINER,18324.21
Karnataka Bank Ltd.,KTKBANK,6336
Karnika Industries Ltd.,KARNIKA,714.65
Karur Vysya Bank Ltd.,KARURVYSYA,16188.94
Kaveri Seed Company Ltd.,KSCL,5148.8
Kaynes Technology India Ltd.,KAYNES,26527.04
Kellton Tech Solutions Ltd.,KELLTONTEC,1057.49
Kernex Microsystems (India) Ltd.,KERNEX,1477.42
Kesoram Industries Ltd.,KESORAMIND,6078.45
Kewal Kiran Clothing Ltd.,KKCL,2870.19
Keystone Realtors Ltd.,RUSTOMJEE,6529.95
Khadim India Ltd.,KHADIM,522.5
Khaitan Chemicals & Fertilizers Ltd.,KHAICHEM,500.08
Kingfa Science & Technology (India) Ltd.,KINGFA,3506.84
Kiri Industries Ltd.,KIRIINDUS,2926.36
Kirloskar Brothers Ltd.,KIRLOSBROS,12675.65
Kirloskar Electric Company Ltd.,KECL,787.94
Kirloskar Industries Ltd.,KIRLOSIND,3361.16
Kirloskar Oil Engines Ltd.,KIRLOSENG,8362.77
Kitex Garments Ltd.,KITEX,3214.34
Kody Technolab Ltd.,KODYTECH,1175.07
Kokuyo Camlin Ltd.,KOKUYOCMLN,1038.85
Kolte-Patil Developers Ltd.,KOLTEPATIL,1900.11
Kopran Ltd.,KOPRAN,812.65
Kotak Mahindra Bank Ltd.,KOTAKBANK,378342.65
Kothari Petrochemicals Ltd.,KOTHARIPET,849.33
Kotyark Industries Ltd.,KOTYARK,566.48
Krishana Phoschem Ltd.,KRISHANA,1222.15
Krishival Foods Ltd.,KRISHIVAL,535.08
Krishna Defence and Allied Industries Ltd.,KRISHNADEF,787.73
Krishna Institute of Medical Sciences Ltd.,KIMS,20849.24
Kriti Industries (India) Ltd.,KRITI,580.48
Kronox Lab Sciences Ltd.,KRONOX,550.07
Kross Ltd.,KROSS,1074.15
Krsnaa Diagnostics Ltd.,KRSNAA,2293.22
Krystal Integrated Services Ltd.,KRYSTAL,615.33
Ksolves India Ltd.,KSOLVES,953.7
Kuantum Papers Ltd.,KUANTUM,906.32
L&T Finance Ltd.,LTF,33613.36
L&T Technology Services Ltd.,LTTS,47996.43
LE Travenues Technology Ltd.,IXIGO,5222.8
LG Balakrishnan & Bros Ltd.,LGBBROSLTD,3830.6
LIC Housing Finance Ltd.,LICHSGFIN,27332.63
LMW Ltd.,LMW,14594.1
LT Foods Ltd.,LTFOODS,11790.97
LTIMindtree Ltd.,LTIM,138245.33
La Opala RG Ltd.,LAOPALA,2254.41
Landmark Cars Ltd.,LANDMARK,1844.94
Larsen & Toubro Ltd.,LT,444935.42
Latent View Analytics Ltd.,LATENTVIEW,7913.02
Laurus Labs Ltd.,LAURUSLABS,28429.39
Laxmi Dental Ltd.,LAXMIDENTL,1864.59
Laxmi Goldorna House Ltd.,LGHL,1261.08
Laxmi Organic Industries Ltd.,LXCHEM,4864.81
Le Merite Exports Ltd.,LEMERITE,701.14
Lemon Tree Hotels Ltd.,LEMONTREE,9642.43
Liberty Shoes Ltd.,LIBERTSHOE,525
Life Insurance Corporation of India,LICI,468366.08
Likhitha Infrastructure Ltd.,LIKHITHA,996.11
Linc Ltd.,LINC,638.38
Lincoln Pharmaceuticals Ltd.,LINCOLN,1043.65
Linde India Ltd.,LINDEINDIA,50548.37
Lloyds Engineering Works Ltd.,LLOYDSENGG,6412.64
Lloyds Metals & Energy Ltd.,LLOYDSME,53428.23
Lumax Auto Technologies Ltd.,LUMAXTECH,3408.91
Lumax Industries Ltd.,LUMAXIND,2198.49
Lupin Ltd.,LUPIN,86955.06
Lux Industries Ltd.,LUXIND,3882.56
M M Forgings Ltd.,MMFL,1631.19
MIC Electronics Ltd.,MICEL,1352.8
MMP Industries Ltd.,MMP,617.66
MMTC Ltd.,MMTC,7392
MOIL Ltd.,MOIL,5906.16
MOS Utility Ltd.,MOS,671.39
MPS Ltd.,MPSLTD,4045.35
MRF Ltd.,MRF,44690.04
MSP Steel & Power Ltd.,MSPL,921.72
MSTC Ltd.,MSTCLTD,3053.25
MTAR Technologies Ltd.,MTARTECH,3961.53
Macpower CNC Machines Ltd.,MACPOWER,762.92
Macrotech Developers Ltd.,LODHA,112795.89
Madhya Bharat Agro Products Ltd.,MBAPL,2528.91
Madras Fertilizers Ltd.,MADRASFERT,1138.83
Magadh Sugar & Energy Ltd.,MAGADSUGAR,647.72
Mahanagar Gas Ltd.,MGL,12223.75
Mahanagar Telephone Nigam Ltd.,MTNL,2647.89
Maharashtra Scooters Ltd.,MAHSCOOTER,10552.65
Maharashtra Seamless Ltd.,MAHSEAMLES,8211.48
Mahindra & Mahindra Financial Services Ltd.,M&MFIN,33433.44
Mahindra & Mahindra Ltd.,M&M,321464.63
Mahindra Holidays & Resorts India Ltd.,MHRIL,5942.33
Mahindra Lifespace Developers Ltd.,MAHLIFE,4913.96
Mahindra Logistics Ltd.,MAHLOG,1791.03
Maithan Alloys Ltd.,MAITHANALL,2530.09
Mallcom (India) Ltd.,MALLCOM,734.04
Mamata Machinery Ltd.,MAMATA,895.72
Man Industries (India) Ltd.,MANINDS,1380.48
Man Infraconstruction Ltd.,MANINFRA,5552.41
Manaksia Coated Metals & Industries Ltd.,MANAKCOAT,583.23
Manali Petrochemicals Ltd.,MANALIPETC,1054.18
Manappuram Finance Ltd.,MANAPPURAM,17009.95
Manba Finance Ltd.,MANBA,652.11
Mangalam Cement Ltd.,MANGLMCEM,1977.74
Mangalore Chemicals & Fertilizers Ltd.,MANGCHEFER,1555.63
Mangalore Refinery And Petrochemicals Ltd.,MRPL,18542.5
Mankind Pharma Ltd.,MANKIND,94505.23
Manoj Vaibhav Gems N Jewellers Ltd.,MVGJL,953.5
Manorama Industries Ltd.,MANORAMA,5679.49
Marathon Nextgen Realty Ltd.,MARATHON,2018.62
Marico Ltd.,MARICO,77802.01
Marine Electricals (India) Ltd.,MARINE,2037.58
Marksans Pharma Ltd.,MARKSANS,9275.81
Maruti Suzuki India Ltd.,MARUTI,375580.63
Mas Financial Services Ltd.,MASFIN,4237.84
Mastek Ltd.,MASTEK,6873.21
Matrimony.com Ltd.,MATRIMONY,1150.41
Max Estates Ltd.,MAXESTATES,6531.54
Max Financial Services Ltd.,MFSL,34445.91
Max Healthcare Institute Ltd.,MAXHEALTH,95085.22
Max India Ltd.,MAXIND,834.96
Mayur Uniquoters Ltd.,MAYURUNIQ,2035.97
Mazagon Dock Shipbuilders Ltd.,MAZDOCK,85962.29
Medi Assist Healthcare Services Ltd.,MEDIASSIST,3185.37
Medicamen Biotech Ltd.,MEDICAMEQ,649.14
Medplus Health Services Ltd.,MEDPLUS,8553.32
Megatherm Induction Ltd.,MEGATHERM,504.93
Meghmani Organics Ltd.,MOL,1581.33
Menon Bearings Ltd.,MENONBE,537.2
Metro Brands Ltd.,METROBRAND,30409.33
Metropolis Healthcare Ltd.,METROPOLIS,8125.49
Minda Corporation Ltd.,MINDACORP,11482.98
Mindspace Business Parks REIT,MINDSPACE,21522.41
Mindteck (India) Ltd.,MINDTECK,576.58
Mishra Dhatu Nigam Ltd.,MIDHANI,4555.17
Mold-Tek Packaging Ltd.,MOLDTKPAC,1577.38
Monarch Networth Capital Ltd.,MONARCH,2589.6
Monte Carlo Fashions Ltd.,MONTECARLO,1160.48
Morepen Laboratories Ltd.,MOREPENLAB,2539.77
Motherson Sumi Wiring India Ltd.,MSUMI,20779.21
Motilal Oswal Financial Services Ltd.,MOTILALOFS,35269.62
Motisons Jewellers Ltd.,MOTISONS,1729.7
MphasiS Ltd.,MPHASIS,42523.66
Mrs. Bectors Food Specialities Ltd.,BECTORFOOD,8109.77
Mukand Ltd.,MUKANDLTD,1309.13
Mukka Proteins Ltd.,MUKKA,1025.1
Multi Commodity Exchange of India Ltd.,MCX,25456.62
Munjal Auto Industries Ltd.,MUNJALAU,687
Muthoot Finance Ltd.,MUTHOOTFIN,85624.22
Muthoot Microfin Ltd.,MUTHOOTMF,2266.52
NACL Industries Ltd.,NACLIND,1129.82
NAVA Ltd.,NAVA,11547.11
NBCC (India) Ltd.,NBCC,19672.2
NBI Industrial Finance Company Ltd.,NBIFIN,558.68
NCC Ltd.,NCC,10987.32
NCL Industries Ltd.,NCLIND,846.8
NDR Auto Components Ltd.,NDRAUTO,1440.68
NDR InvIT Trust,NDRINVIT,4085.36
NGL Fine - Chem Ltd.,NGLFINE,654
NHPC Ltd.,NHPC,73228.3
NIIT Learning Systems Ltd.,NIITMTS,5716.58
NIIT Ltd.,NIITLTD,1511.79
NLC India Ltd.,NLCINDIA,28708.92
NMDC Ltd.,NMDC,54931.28
NMDC Steel Ltd.,NSLNISP,10374.34
NOCIL Ltd.,NOCIL,2888.58
NRB Bearings Ltd.,NRBBEARING,2004.84
NTPC Green Energy Ltd.,NTPCGREEN,73536.58
NTPC Ltd.,NTPC,302002.67
Nahar Spinning Mills Ltd.,NAHARSPING,699.23
Nalwa Sons Investments Ltd.,NSIL,2463.55
Narayana Hrudayalaya Ltd.,NH,29519.92
Natco Pharma Ltd.,NATCOPHARM,13804
National Aluminium Company Ltd.,NATIONALUM,32618.58
National Fertilizers Ltd.,NFL,3830.93
National Highways Infra Trust,NHIT,9552.74
Navin Fluorine International Ltd.,NAVINFLUOR,18655.38
Navkar Corporation Ltd.,NAVKARCORP,1409.46
Navneet Education Ltd.,NAVNETEDUL,3069.33
Nazara Technologies Ltd.,NAZARA,7980.53
Nectar Lifesciences Ltd.,NECLIFE,590.48
Nelcast Ltd.,NELCAST,830.51
Nelco Ltd.,NELCO,1721.19
Neogen Chemicals Ltd.,NEOGEN,4403.37
Nesco Ltd.,NESCO,6130.02
Nestle India Ltd.,NESTLEIND,211116.68
Netweb Technologies India Ltd.,NETWEB,8236.91
Network People Services Technologies Ltd.,NPST,3303.36
Network18 Media & Investments Ltd.,NETWORK18,6371.54
Neuland Laboratories Ltd.,NEULANDLAB,13613.81
New Delhi Television Ltd.,NDTV,757.54
Newgen Software Technologies Ltd.,NEWGEN,13259.66
Nexus Select Trust REIT,NXST,19891.95
Nilkamal Ltd.,NILKAMAL,2356.11
Nippon Life India Asset Management Ltd.,NAM-INDIA,32563.66
Nitco Ltd.,NITCO,728.72
Nitin Spinners Ltd.,NITINSPIN,1730.73
Niva Bupa Health Insurance Company Ltd.,NIVABUPA,13331.81
Northern Arc Capital Ltd.,NORTHARC,2769.75
Nucleus Software Exports Ltd.,NUCLEUS,2248.18
Nuvama Wealth Management Ltd.,NUVAMA,19398.22
Nuvoco Vistas Corporation Ltd.,NUVOCO,11195.06
Oberoi Realty Ltd.,OBEROIRLTY,53976.75
Oil And Natural Gas Corporation Ltd.,ONGC,289068.62
Oil India Ltd.,OIL,55743.85
Ola Electric Mobility Ltd.,OLAELEC,25066.75
Olectra Greentech Ltd.,OLECTRA,8796.18
Om Infra Ltd.,OMINFRAL,1008.88
Omaxe Ltd.,OMAXE,1440.89
OnMobile Global Ltd.,ONMOBILE,527.04
One Mobikwik Systems Ltd.,MOBIKWIK,2142.98
One Point One Solutions Ltd.,ONEPOINT,1281.99
One97 Communications Ltd.,PAYTM,45590.04
OneSource Specialty Pharma Ltd.,ONESOURCE,14168.72
Onward Technologies Ltd.,ONWARDTEC,646.41
Optiemus Infracom Ltd.,OPTIEMUS,3849.6
Oracle Financial Services Software Ltd.,OFSS,67427.84
Orchid Pharma Ltd.,ORCHPHARMA,4874.36
Oriana Power Ltd.,ORIANA,2520.09
Oricon Enterprises Ltd.,ORICONENT,611.86
Orient Cement Ltd.,ORIENTCEM,6759.4
Orient Electric Ltd.,ORIENTELEC,4229.13
Orient Green Power Company Ltd.,GREENPOWER,1405.28
Orient Technologies Ltd.,ORIENTTECH,1334.2
Oriental Aromatics Ltd.,OAL,931.36
Oriental Hotels Ltd.,ORIENTHOT,2343.94
Oswal Agro Mills Ltd.,OSWALAGRO,831.05
Oswal Green Tech Ltd.,OSWALGREEN,885.48
Owais Metal and Mineral Processing Ltd.,OWAIS,1088.85
P N Gadgil Jewellers Ltd.,PNGJL,7300.43
PB Fintech Ltd.,POLICYBZR,67216.9
PC Jeweller Ltd.,PCJEWELLER,6602.97
PCBL Chemical Ltd.,PCBL,13513.16
PDS Ltd.,PDSL,6014.6
PG Electroplast Ltd.,PGEL,22500.29
PI Industries Ltd.,PIIND,45727.08
PNB Gilts Ltd.,PNBGILTS,1430.9
PNB Housing Finance Ltd.,PNBHOUSING,19839.43
PNC Infratech Ltd.,PNCINFRA,6643.08
PSP Projects Ltd.,PSPPROJECT,2460.17
PTC India Financial Services Ltd.,PFS,2010.35
PTC India Ltd.,PTC,4109.19
PTC Industries Ltd.,PTCIL,15290.97
PVP Ventures Ltd.,PVP,620.54
PVR INOX Ltd.,PVRINOX,8876.18
Page Industries Ltd.,PAGEIND,45191.09
Paisalo Digital Ltd.,PAISALO,3346.38
Pakka Ltd.,PAKKA,862.55
Panacea Biotec Ltd.,PANACEABIO,1820.68
Panama Petrochem Ltd.,PANAMAPET,2127.86
Paradeep Phosphates Ltd.,PARADEEP,7083.36
Parag Milk Foods Ltd.,PARAGMILK,1723.91
Paramount Communications Ltd.,PARACABLES,1641.08
Paras Defence and Space Technologies Ltd.,PARAS,3411.34
Parsvnath Developers Ltd.,PARSVNATH,980.9
Pashupati Cotspin Ltd.,PASHUPATI,950.04
Patanjali Foods Ltd.,PATANJALI,63731.01
Patel Engineering Ltd.,PATELENG,3667.97
Pearl Global Industries Ltd.,PGIL,6164.73
Peninsula Land Ltd.,PENINLAND,749.41
Pennar Industries Ltd.,PENIND,2115.28
Persistent Systems Ltd.,PERSISTENT,82661.28
Petronet LNG Ltd.,PETRONET,42495
Pfizer Ltd.,PFIZER,18531.25
Phoenix Mills Ltd.,PHOENIXLTD,55346.49
Pidilite Industries Ltd.,PIDILITIND,135193.45
Pilani Investment and Industries Corporation Ltd.,PILANIINVS,4081.27
Piramal Enterprises Ltd.,PEL,19670.67
Piramal Pharma Ltd.,PPLPHARMA,25174.63
Pitti Engineering Ltd.,PITTIENG,3355.12
Pix Transmissions Ltd.,PIXTRANS,1946.43
Platinum Industries Ltd.,PLATIND,1405.25
Pokarna Ltd.,POKARNA,3423.62
Poly Medicure Ltd.,POLYMED,20624.85
Polycab India Ltd.,POLYCAB,70890.57
Polyplex Corporation Ltd.,POLYPLEX,3404.99
Poonawalla Fincorp Ltd.,POONAWALLA,21885.43
Popular Vehicles and Services Ltd.,PVSL,791.8
Power Finance Corporation Ltd.,PFC,120222.71
Power Grid Corporation of India Ltd.,POWERGRID,233305.65
Power Mech Projects Ltd.,POWERMECH,5698.05
PowerGrid Infrastructure Investment Trust,PGINVIT,7307.29
Praj Industries Ltd.,PRAJIND,8978.35
Prakash Industries Ltd.,PRAKASH,2547.08
Prakash Pipes Ltd.,PPL,957.93
Prataap Snacks Ltd.,DIAMONDYD,2577.01
Precision Camshafts Ltd.,PRECAM,1577.71
Precision Wires India Ltd.,PRECWIRE,2437.07
Precot Ltd.,PRECOT,513.06
Premier Energies Ltd.,PREMIERENE,39366.13
Premier Explosives Ltd.,PREMEXPLN,1793.47
Premier Polyfilm Ltd.,PREMIERPOL,678
Prestige Estates Projects Ltd.,PRESTIGE,48526.06
Pricol Ltd.,PRICOLLTD,4849.06
Prime Focus Ltd.,PFOCUS,2854.68
Prime Securities Ltd.,PRIMESECU,692.63
Prince Pipes & Fittings Ltd.,PRINCEPIPE,3169.79
Prism Johnson Ltd.,PRSMJOHNSN,5739.27
Privi Speciality Chemicals Ltd.,PRIVISCL,5724.83
Procter & Gamble Health Ltd.,PGHL,8356.22
Procter & Gamble Hygiene & Healthcare Ltd.,PGHH,43957.96
Prudent Corporate Advisory Services Ltd.,PRUDENT,6851.36
Pudumjee Paper Products Ltd.,PDMJEPAPER,964.6
Punjab & Sind Bank,PSB,27273.81
Punjab Chemicals and Crop Protection Ltd.,PUNJABCHEM,914.09
Punjab National Bank,PNB,100436.83
Puravankara Ltd.,PURVA,5693.96
Quadrant Future Tek Ltd.,QUADFUTURE,1758.2
Quess Corp Ltd.,QUESS,8886.48
Quick Heal Technologies Ltd.,QUICKHEAL,1597.77
R K Swamy Ltd.,RKSWAMY,1076.33
R R Kabel Ltd.,RRKABEL,10065.92
R Systems International Ltd.,RSYSTEMS,3756.54
RBL Bank Ltd.,RBLBANK,9624.91
RBZ Jewellers Ltd.,RBZJEWEL,613.24
REC Ltd.,RECLTD,94875.06
RHI Magnesita India Ltd.,RHIM,8088.66
RM Drip and Sprinklers Systems Ltd.,RMDRIP,1010.94
RNFI Services Ltd.,RNFI,646.27
RPG Life Sciences Ltd.,RPGLIFE,3456.98
RPSG Ventures Ltd.,RPSGVENT,2586.03
RSWM Ltd.,RSWM,625.32
Radhika Jeweltech Ltd.,RADHIKAJWE,1043.12
Radiant Cash Management Services Ltd.,RADIANTCMS,644.2
Radico Khaitan Ltd.,RADICO,27737.99
Rail Vikas Nigam Ltd.,RVNL,69306.07
RailTel Corporation of India Ltd.,RAILTEL,9023.18
Rain Industries Ltd.,RAIN,4088.95
Rainbow Childrens Medicare Ltd.,RAINBOW,12588.35
Raj Rayon Industries Ltd.,RAJRILTD,1320.7
Rajesh Exports Ltd.,RAJESHEXPO,4701.13
Rajratan Global Wire Ltd.,RAJRATAN,1717.33
Rallis India Ltd.,RALLIS,4078.01
Ram Ratna Wires Ltd.,RAMRAT,2123.93
Rama Steel Tubes Ltd.,RAMASTEEL,1558.89
Ramco Industries Ltd.,RAMCOIND,1991.92
Ramco Systems Ltd.,RAMCOSYS,1079.55
Ramkrishna Forgings Ltd.,RKFORGE,11714.3
Ramky Infrastructure Ltd.,RAMKY,2954.05
Rane (Madras) Ltd.,RML,987.87
Rane Brake Lining Ltd.,RBL,516.82
Rane Holdings Ltd.,RANEHOLDIN,1714.05
Rashi Peripherals Ltd.,RPTECH,1724.27
Rashtriya Chemicals & Fertilizers Ltd.,RCF,6455.85
RateGain Travel Technologies Ltd.,RATEGAIN,5778.97
Ratnamani Metals & Tubes Ltd.,RATNAMANI,17232.82
Ratnaveer Precision Engineering Ltd.,RATNAVEER,709.22
RattanIndia Enterprises Ltd.,RTNINDIA,5671.45
RattanIndia Power Ltd.,RTNPOWER,4784.76
Raymond Lifestyle Ltd.,RAYMONDLSL,6620.26
Raymond Ltd.,RAYMOND,8610.31
Redington Ltd.,REDINGTON,17536.76
Redtape Ltd.,REDTAPE,8007.42
Refex Industries Ltd.,REFEX,5057.49
Relaxo Footwears Ltd.,RELAXO,10634.66
Reliance Industrial InfraStructure Ltd.,RIIL,1189.58
Reliance Industries Ltd.,RELIANCE,1624020.07
Reliance Infrastructure Ltd.,RELINFRA,8396
Reliance Power Ltd.,RPOWER,13360.45
Religare Enterprises Ltd.,RELIGARE,7431.77
Remus Pharmaceuticals Ltd.,REMUS,1266.9
Renaissance Global Ltd.,RGL,1370.62
Repco Home Finance Ltd.,REPCOHOME,2067.65
Repro India Ltd.,REPRO,626.87
Responsive Industries Ltd.,RESPONIND,5256.72
Restaurant Brands Asia Ltd.,RBA,3180.93
Rico Auto Industries Ltd.,RICOAUTO,857.44
Rishabh Instruments Ltd.,RISHABH,802.46
Ritco Logistics Ltd.,RITCO,747.44
Rites Ltd.,RITES,9830.75
Rolex Rings Ltd.,ROLEXRINGS,3852.56
Rossari Biotech Ltd.,ROSSARI,3294.15
Rossell Techsys Ltd.,ROSSTECH,1011.96
Roto Pumps Ltd.,ROTO,1230.24
Route Mobile Ltd.,ROUTE,6174.39
Royal Orchid Hotels Ltd.,ROHLTD,962.49
Ruby Mills Ltd.,RUBYMILLS,606
Rupa & Company Ltd.,RUPA,1515.98
Rushil Decor Ltd.,RUSHIL,701.68
S Chand & Company Ltd.,SCHAND,597.52
S H Kelkar & Company Ltd.,SHK,2291
S J Logistics (India) Ltd.,SJLOGISTIC,743.53
S P Apparels Ltd.,SPAL,1703.54
SAR Televenture Ltd.,SARTELE,1005.98
SBC Exports Ltd.,SBC,629.84
SBFC Finance Ltd.,SBFC,9586.11
SBI Cards and Payment Services Ltd.,SBICARD,79799.57
SBI Life Insurance Company Ltd.,SBILIFE,143352.84
SEPC Ltd.,SEPC,2081.23
SIS Ltd.,SIS,4396.13
SJS Enterprises Ltd.,SJS,2671.32
SJVN Ltd.,SJVN,33053.51
SKF India Ltd.,SKFINDIA,18244.11
SMC Global Securities Ltd.,SMCGLOBAL,1198.5
SML Isuzu Ltd.,SMLISUZU,1527.91
SMS Pharmaceuticals Ltd.,SMSPHARMA,1624.3
SPML Infra Ltd.,SPMLINFRA,1144.41
SRF Ltd.,SRF,82862.59
SRM Contractors Ltd.,SRM,729.74
STEL Holdings Ltd.,STEL,698.91
Safari Industries (India) Ltd.,SAFARI,10441.4
Sagar Cements Ltd.,SAGCEM,2343.59
Sagility India Ltd.,SAGILITY,20064.17
Sahana System Ltd.,SAHANA,1118.02
Sahasra Electronic Solutions Ltd.,SAHASRA,809.52
Sai Life Science Ltd.,SAILIFE,14354.71
Sai Silks (Kalamandir) Ltd.,KALAMANDIR,2081.48
Sakar Healthcare Ltd.,SAKAR,529.87
Saksoft Ltd.,SAKSOFT,2223.55
Salasar Techno Engineering Ltd.,SALASAR,1561
Salzer Electronics Ltd.,SALZERELEC,1605.77
Samhi Hotels Ltd.,SAMHI,3162.6
Sammaan Capital Ltd.,SAMMAANCAP,9156.35
Samvardhana Motherson International Ltd.,MOTHERSON,83443.42
Sanathan Textiles Ltd.,SANATHAN,2538.03
Sandesh Ltd.,SANDESH,857.84
Sandhar Technologies Ltd.,SANDHAR,2070.26
Sangam (India) Ltd.,SANGAMIND,1601.36
Sanghi Industries Ltd.,SANGHIIND,1340.45
Sanghvi Movers Ltd.,SANGHVIMOV,1820.69
Sanofi Consumer Healthcare India Ltd.,SANOFICONR,10484.45
Sanofi India Ltd.,SANOFI,11541.9
Sansera Engineering Ltd.,SANSERA,6926.57
Sanstar Ltd.,SANSTAR,1712.55
Sapphire Foods India Ltd.,SAPPHIRE,9956.4
Sarda Energy & Minerals Ltd.,SARDAEN,15982.25
Saregama India Ltd.,SAREGAMA,8555.92
Sarla Performance Fibers Ltd.,SARLAPOLY,614.75
Sarveshwar Foods Ltd.,SARVESHWAR,624.48
Sasken Technologies Ltd.,SASKEN,2420.1
Sastasundar Ventures Ltd.,SASTASUNDR,694.26
Sathlokhar Synergys E&C Global Ltd.,SSEGL,1032.62
Satia Industries Ltd.,SATIA,703.2
Satin Creditcare Network Ltd.,SATIN,1612.21
Savita Oil Technologies Ltd.,SOTL,2629.27
Schaeffler India Ltd.,SCHAEFFLER,47848.47
Schneider Electric Infrastructure Ltd.,SCHNEIDER,14634.36
Seamec Ltd.,SEAMECLTD,2378
Selan Exploration Technology Ltd.,SELAN,769.96
Senco Gold Ltd.,SENCO,4805.89
Senores Pharmaceuticals Ltd.,SENORES,2509.23
Sequent Scientific Ltd.,SEQUENT,3709.93
Servotech Renewable Power System Ltd.,SERVOTECH,2519.62
Seshasayee Paper & Boards Ltd.,SESHAPAPER,1728.7
Shaily Engineering Plastics Ltd.,SHAILY,6965.44
Shakti Pumps (India) Ltd.,SHAKTIPUMP,9713.02
Shalby Ltd.,SHALBY,2047.97
Shalimar Paints Ltd.,SHALPAINTS,902.66
Shankara Building Products Ltd.,SHANKARA,1344.62
Shanthi Gears Ltd.,SHANTIGEAR,3253.9
Sharda Cropchem Ltd.,SHARDACROP,4470.88
Sharda Motor Industries Ltd.,SHARDAMOTR,4510.67
Share India Securities Ltd.,SHAREINDIA,4103.84
Sheela Foam Ltd.,SFL,7747.4
Shilpa Medicare Ltd.,SHILPAMED,5966.22
Shipping Corporation of India Land And Assets Ltd.,SCILAL,2106.34
Shipping Corporation of India Ltd.,SCI,6797.87
Shivalik Bimetal Controls Ltd.,SBCL,2339.31
Shivalik Rasayan Ltd.,SHIVALIK,1124.94
Shoppers Stop Ltd.,SHOPERSTOP,5758.29
Shree Cements Ltd.,SHREECEM,98442.58
Shree Digvijay Cement Company Ltd.,SHREDIGCEM,1024.5
Shree Pushkar Chemicals & Fertilisers Ltd.,SHREEPUSHK,926.48
Shree Renuka Sugars Ltd.,RENUKA,5855.48
Shree Tirupati Balajee FIBC Ltd.,TIRUPATI,968.43
Shrem InvIT,SHREMINVIT,5143.68
Shriram Finance Ltd.,SHRIRAMFIN,116076.1
Shriram Pistons & Rings Ltd.,SHRIPISTON,8139.3
Shriram Properties Ltd.,SHRIRAMPPS,1166.41
Shyam Metalics and Energy Ltd.,SHYAMMETL,19856.05
Sical Logistics Ltd.,SICALLOG,600.16
Siemens Ltd.,SIEMENS,164652.31
Sigachi Industries Ltd.,SIGACHI,1270.43
Signatureglobal (India) Ltd.,SIGNATURE,14685.48
Signpost India Ltd.,SIGNPOST,1214.12
Silver Touch Technologies Ltd.,SILVERTUC,816.72
Simplex Infrastructures Ltd.,SIMPLEXINF,1437.71
Sirca Paints India Ltd.,SIRCA,1479.02
Siyaram Silk Mills Ltd.,SIYSIL,2719.48
Skipper Ltd.,SKIPPER,4125.82
Snowman Logistics Ltd.,SNOWMAN,770.94
Sobha Ltd.,SOBHA,12114.03
SoftTech Engineers Ltd.,SOFTTECH,504.79
Solar Industries India Ltd.,SOLARINDS,78822.31
Solara Active Pharma Sciences Ltd.,SOLARA,1902.39
Solex Energy Ltd.,SOLEX,816.99
Som Distilleries & Breweries Ltd.,SDBL,2280.97
Somany Ceramics Ltd.,SOMANYCERA,1818.98
Sona BLW Precision Forgings Ltd.,SONACOMS,30706.65
Sonata Software Ltd.,SONATSOFTW,10123.34
South Indian Bank Ltd.,SOUTHBANK,6226.79
Southern Petrochemicals Industries Corporation Ltd.,SPIC,1527.3
Spandana Sphoorty Financial Ltd.,SPANDANA,1797.25
Speciality Restaurants Ltd.,SPECIALITY,605.17
Spectrum Electrical Industries Ltd.,SPECTRUM,2972.82
Spencers Retail Ltd.,SPENCERS,577.48
Sportking India Ltd.,SPORTKING,947.45
Sree Rayalaseema Hi-Strength Hypo Ltd.,SRHHYPOLTD,865.62
Sreeleathers Ltd.,SREEL,513.35
Sri Adhikari Brothers Television Network Ltd.,SABTNL,1149.4
Stallion India Fluorochemicals Ltd.,STALLION,512.2
Standard Glass Lining Technology Ltd.,SGLTL,2595.39
Stanley Lifestyles Ltd.,STANLEY,1571.88
Star Cement Ltd.,STARCEMENT,8162.83
Star Health and Allied Insurance Company Ltd.,STARHEALTH,22051.42
State Bank of India,SBIN,614727.83
State Trading Corporation Of India Ltd.,STCINDIA,657.72
Steel Authority of India (SAIL) Ltd.,SAIL,43378.78
Steel Cast Ltd.,STEELCAS,1651.89
Steel Exchange India Ltd.,STEELXIND,940.14
Steel Strips Wheels Ltd.,SSWL,2778.28
Sterling Tools Ltd.,STERTOOLS,1206.38
Sterling and Wilson Renewable Energy Ltd.,SWSOLAR,5964.61
Sterlite Technologies Ltd.,STLTECH,4206.56
Stove Kraft Ltd.,STOVEKRAFT,2364.59
Strides Pharma Science Ltd.,STAR,5709.48
Stylam Industries Ltd.,STYLAMIND,2671.7
Styrenix Performance Materials Ltd.,STYRENIX,4089.27
Subex Ltd.,SUBEXLTD,767.7
Subros Ltd.,SUBROS,3723.33
Sudarshan Chemical Industries Ltd.,SUDARSCHEM,6796.56
Sula Vineyards Ltd.,SULA,2142.32
Sumitomo Chemical India Ltd.,SUMICHEM,22990.65
Summit Securities Ltd.,SUMMITSEC,1593.9
Sun Pharma Advanced Research Company Ltd.,SPARC,3647.3
Sun Pharmaceutical Industries Ltd.,SUNPHARMA,382274.05
Sun TV Network Ltd.,SUNTV,22127.85
Sundaram Finance Holdings Ltd.,SUNDARMHLD,5396.01
Sundaram Finance Ltd.,SUNDARMFIN,50416.17
Sundaram-Clayton Ltd.,SUNCLAY,4291.07
Sundram Fasteners Ltd.,SUNDRMFAST,19623.89
Sunflag Iron & Steel Company Ltd.,SUNFLAG,3792.54
Sunteck Realty Ltd.,SUNTECK,5354.18
Suprajit Engineering Ltd.,SUPRAJIT,5556.84
Supreme Industries Ltd.,SUPREMEIND,42287.26
Supreme Petrochem Ltd.,SPLPETRO,10089.36
Supriya Lifescience Ltd.,SUPRIYA,4808.04
Suraj Estate Developers Ltd.,SURAJEST,1426.99
Suraksha Diagnostic Ltd.,SURAKSHA,1369.2
Surya Roshni Ltd.,SURYAROSNI,4653.06
Suryoday Small Finance Bank Ltd.,SURYODAY,1200.7
Sutlej Textiles & Industries Ltd.,SUTLEJTEX,644.5
Suven Life Sciences Ltd.,SUVEN,2271.46
Suven Pharmaceuticals Ltd.,SUVENPHAR,30922.01
Suzlon Energy Ltd.,SUZLON,67847.52
Swan Energy Ltd.,SWANENERGY,12789.04
Swaraj Engines Ltd.,SWARAJENG,3176.87
Swelect Energy Systems Ltd.,SWELECTES,776.59
Swiggy Ltd.,SWIGGY,76388.88
Symphony Ltd.,SYMPHONY,7293.59
Synergy Green Industries Ltd.,SGIL,582.24
Syngene International Ltd.,SYNGENE,26261.51
Syrma SGS Technology Ltd.,SYRMA,7373.07
TAC Infosec Ltd.,TAC,1252.68
TARC Ltd.,TARC,3516.07
TBO Tek Ltd.,TBOTEK,13039.77
TCI Express Ltd.,TCIEXP,2605.43
TCPL Packaging Ltd.,TCPLPACK,3556.92
TD Power Systems Ltd.,TDPOWERSYS,4823.73
TIL Ltd.,TIL,1275.1
TPL Plastech Ltd.,TPLPLASTEH,612.01
TTK Healthcare Ltd.,TTKHLTCARE,1653.17
TTK Prestige Ltd.,TTKPRESTIG,8556.47
TV Today Network Ltd.,TVTODAY,933.4
TVS Electronics Ltd.,TVSELECT,548.32
TVS Holdings Ltd.,TVSHLTD,16560.18
TVS Motor Company Ltd.,TVSMOTOR,105730.63
TVS Srichakra Ltd.,TVSSRICHAK,2061.46
TVS Supply Chain Solutions Ltd.,TVSSCS,6075.25
Taj GVK Hotels & Resorts Ltd.,TAJGVK,2810.59
Talbros Automotive Components Ltd.,TALBROAUTO,1332.4
Tamil Nadu Newsprint And Papers Ltd.,TNPL,877.87
Tamilnad Mercantile Bank Ltd.,TMB,6478.95
Tamilnadu Petroproducts Ltd.,TNPETRO,609.29
Tanla Platforms Ltd.,TANLA,5873.36
Tarsons Products Ltd.,TARSONS,1619.87
Tasty Bite Eatables Ltd.,TASTYBITE,2257.04
Tata Chemicals Ltd.,TATACHEM,19803.48
Tata Communications Ltd.,TATACOMM,38546.25
Tata Consultancy Services Ltd.,TCS,1260270.33
Tata Consumer Products Ltd.,TATACONSUM,95357.55
Tata Elxsi Ltd.,TATAELXSI,33702.28
Tata Investment Corporation Ltd.,TATAINVEST,30688.33
Tata Motors Ltd.,TATAMOTORS,228473.01
Tata Power Company Ltd.,TATAPOWER,108385.92
Tata Steel Ltd.,TATASTEEL,171274.05
Tata Technologies Ltd.,TATATECH,27250.78
Tata Teleservices (Maharashtra) Ltd.,TTML,11635.73
Tatva Chintan Pharma Chem Ltd.,TATVA,1618.38
TeamLease Services Ltd.,TEAMLEASE,3268.26
Tech Mahindra Ltd.,TECHM,145648.39
Techno Electric & Engineering Company Ltd.,TECHNOE,11328.16
Technocraft Industries (India) Ltd.,TIIL,5612.88
Tega Industries Ltd.,TEGA,8801.65
Tejas Networks Ltd.,TEJASNET,12512.56
Tembo Global Industries Ltd.,TEMBO,877.26
Texmaco Infrastructure & Holdings Ltd.,TEXINFRA,1186.98
Texmaco Rail & Engineering Ltd.,TEXRAIL,5174.3
Thangamayil Jewellery Ltd.,THANGAMAYL,5872.49
The Anup Engineering Ltd.,ANUP,5603.72
The Fertilisers and Chemicals Travancore Ltd.,FACT,44757.97
The Hi-Tech Gears Ltd.,HITECHGEAR,1166.31
The Investment Trust of India Ltd.,THEINVEST,709.24
The New India Assurance Company Ltd.,NIACL,23419.73
The Orissa Minerals Development Company Ltd.,ORISSAMINE,3047.01
The Ramco Cements Ltd.,RAMCOCEM,19588.64
Thejo Engineering Ltd.,THEJO,1775.29
Themis Medicare Ltd.,THEMISMED,1452.95
Thermax Ltd.,THERMAX,38707.92
Thirumalai Chemicals Ltd.,TIRUMALCHM,2176.36
Thomas Cook (India) Ltd.,THOMASCOOK,5875.05
Thyrocare Technologies Ltd.,THYROCARE,3643.57
Tilaknagar Industries Ltd.,TI,4292.87
Time Technoplast Ltd.,TIMETECHNO,8111.58
Timken India Ltd.,TIMKEN,18610.61
Tips Music Ltd.,TIPSMUSIC,7555.49
Titagarh Rail Systems Ltd.,TITAGARH,9386.76
Titan Company Ltd.,TITAN,273194.01
Torrent Pharmaceuticals Ltd.,TORNTPHARM,99777.09
Torrent Power Ltd.,TORNTPOWER,63640.49
Tourism Finance Corporation of India Ltd.,TFCILTD,1374.67
Tracxn Technologies Ltd.,TRACXN,570.81
Transformers & Rectifiers (India) Ltd.,TARIL,11572.89
Transport Corporation of India Ltd.,TCI,6909.35
Transrail Lighting Ltd.,TRANSRAILL,6942.38
Transworld Shipping Lines Ltd.,TRANSWORLD,543.34
Trent Ltd.,TRENT,172466.54
Tribhovandas Bhimji Zaveri Ltd.,TBZ,1096.58
Trident Ltd.,TRIDENT,13142.47
Trident Techlabs Ltd.,TECHLABS,1253.92
Triveni Engineering & Industries Ltd.,TRIVENI,7636.26
Triveni Turbine Ltd.,TRITURBINE,15448.82
Tube Investments of India Ltd.,TIINDIA,47641.1
Twamev Construction and Infrastructure Ltd.,TICL,626.98
UCO Bank,UCOBANK,43483.82
UNO Minda Ltd.,UNOMINDA,47420.19
UPL Ltd.,UPL,48994.39
UTI Asset Management Company Ltd.,UTIAMC,12039.78
Uflex Ltd.,UFLEX,3255.66
Ugar Sugar Works Ltd.,UGARSUGAR,523.8
Ugro Capital Ltd.,UGROCAP,1439.31
Ujaas Energy Ltd.,UEL,6297.67
Ujjivan Small Finance Bank Ltd.,UJJIVANSFB,6216.46
UltraTech Cement Ltd.,ULTRACEMCO,292411.49
Unichem Laboratories Ltd.,UNICHEMLAB,4259.2
Unicommerce eSolutions Ltd.,UNIECOM,1093.69
Unimech Aerospace and Manufacturing Ltd.,UNIMECH,4648.57
Union Bank of India,UNIONBANK,85572.72
Uniparts India Ltd.,UNIPARTS,1460.76
Uniphos Enterprises Ltd.,UNIENTER,1002.29
Unitech Ltd.,UNITECH,1624.72
United Breweries Ltd.,UBL,51457.2
United Spirits Ltd.,UNITDSPR,93424.59
Universal Cables Ltd.,UNIVCABLES,1733.21
Updater Services Ltd.,UDS,2020.31
Urja Global Ltd.,URJA,626.86
Usha Martin Ltd.,USHAMART,9012.74
Utkarsh Small Finance Bank Ltd.,UTKARSHBNK,2625.14
Uttam Sugar Mills Ltd.,UTTAMSUGAR,709.56
V-Guard Industries Ltd.,VGUARD,13474.18
V-Marc India Ltd.,VMARCIND,616.74
V-Mart Retail Ltd.,VMART,5922.33
V2 Retail Ltd.,V2RETAIL,5450.75
VIP Industries Ltd.,VIPIND,4296.81
VL E-Governance & IT Solutions Ltd.,VLEGOV,596.27
VLS Finance Ltd.,VLSFINANCE,725.27
VRL Logistics Ltd.,VRLLOG,3947.45
VST Industries Ltd.,VSTIND,4286.44
VST Tillers Tractors Ltd.,VSTTILLERS,2936.65
Va Tech Wabag Ltd.,WABAG,8106.52
Vadilal Industries Ltd.,VADILALIND,2577.76
Vaibhav Global Ltd.,VAIBHAVGBL,3755.08
Vakrangee Ltd.,VAKRANGEE,1496.97
Valiant Organics Ltd.,VALIANTORG,736.76
Valor Estate Ltd.,DBREALTY,6647.36
Vardhman Holdings Ltd.,VHL,942.45
Vardhman Special Steels Ltd.,VSSL,1648.95
Vardhman Textiles Ltd.,VTL,10979.97
Varroc Engineering Ltd.,VARROC,6445.29
Varun Beverages Ltd.,VBL,147461.66
Vasa Denticity Ltd.,DENTALKART,958.49
Vascon Engineers Ltd.,VASCONEQ,778.65
Vedant Fashions Ltd.,MANYAVAR,20482.25
Vedanta Ltd.,VEDL,154374.36
Veedol Corporation Ltd.,VEEDOL,2505.22
Venky's (India) Ltd.,VENKEYS,2304.54
Ventive Hospitality Ltd.,VENTIVE,13017.52
Venus Pipes & Tubes Ltd.,VENUSPIPES,2639.09
Veranda Learning Solutions Ltd.,VERANDA,1656.63
Vertoz Ltd.,VERTOZ,778.15
Vesuvius India Ltd.,VESUVIUS,8093.58
Vidhi Specialty Food Ingredients Ltd.,VIDHIING,2213.81
Vijaya Diagnostic Centre Ltd.,VIJAYA,9398.92
Vikas Lifecare Ltd.,VIKASLIFE,559.16
Vilas Transcore Ltd.,VILAS,814.82
Vimta Labs Ltd.,VIMTALABS,1923.16
Vinati Organics Ltd.,VINATIORGA,15806.41
Vindhya Telelinks Ltd.,VINDHYATEL,1600.11
Vinyas Innovative Technologies Ltd.,VINYAS,762.76
Visaka Industries Ltd.,VISAKAIND,568.98
Vishal Mega Mart Ltd.,VMM,45181.88
Vishnu Chemicals Ltd.,VISHNU,2677.13
Vishnu Prakash R Punglia Ltd.,VPRPL,1994.3
Vodafone Idea Ltd.,IDEA,53901.74
Voltamp Transformers Ltd.,VOLTAMP,6351.52
Voltas Ltd.,VOLTAS,43680.09
Waaree Energies Ltd.,WAAREEENER,62011.52
Walchandnagar Industries Ltd.,WALCHANNAG,1026.06
Wanbury Ltd.,WANBURY,561.65
Wealth First Portfolio Managers Ltd.,WEALTH,965.82
Websol Energy Systems Ltd.,WEBELSOLAR,3955.15
Welspun Corp Ltd.,WELCORP,19332.53
Welspun Enterprises Ltd.,WELENT,5776.11
Welspun Living Ltd.,WELSPUNLIV,10255.26
Wendt (India) Ltd.,WENDT,1905.37
West Coast Paper Mills Ltd.,WSTCSTPAPR,2594.73
Western Carriers (India) Ltd.,WCIL,877.73
Westlife Foodworld Ltd.,WESTLIFE,10651.22
Wheels India Ltd.,WHEELS,1376.56
Whirlpool of India Ltd.,WHIRLPOOL,11774.34
Windlas Biotech Ltd.,WINDLAS,1599.19
Windsor Machines Ltd.,WINDMACHIN,1860.53
Wipro Ltd.,WIPRO,290742.63
Wockhardt Ltd.,WOCKPHARMA,18775.21
Wonder Electricals Ltd.,WEL,2379.18
Wonderla Holidays Ltd.,WONDERLA,4054.04
Xchanging Solutions Ltd.,XCHANGING,1012.21
Xpro India Ltd.,XPROINDIA,2327.83
YES Bank Ltd.,YESBANK,52517.51
Yatharth Hospital & Trauma Care Services Ltd.,YATHARTH,3080.73
Yatra Online Ltd.,YATRA,1101.55
Yuken India Ltd.,YUKEN,1001.26
Z-Tech (India) Ltd.,ZTECH,682.09
ZF Commercial Vehicle Control Systems India Ltd.,ZFCVINDIA,20754.16
Zaggle Prepaid Ocean Services Ltd.,ZAGGLE,4263.63
Zee Entertainment Enterprises Ltd.,ZEEL,8941.48
Zee Media Corporation Ltd.,ZEEMEDIA,819.31
Zen Technologies Ltd.,ZENTEC,9438.06
Zensar Technologies Ltd.,ZENSARTECH,16769.37
Zinka Logistics Solutions Ltd.,BLACKBUCK,7459.75
Zodiac Energy Ltd.,ZODIAC,620.07
Zomato Ltd.,ZOMATO,214334.29
Zota Healthcare Ltd.,ZOTA,2378.57
Zuari Agro Chemicals Ltd.,ZUARI,761.71
Zuari Industries Ltd.,ZUARIIND,726.66
Zydus Lifesciences Ltd.,ZYDUSLIFE,88206.47
Zydus Wellness Ltd.,ZYDUSWELL,9934.88
eClerx Services Ltd.,ECLERX,13503.65
eMudhra Ltd.,EMUDHRA,7033.2
ideaForge Technology Ltd.,IDEAFORGE,1557.88
